{
    "version": 2,
    "unit": "eV",
    "model_options": {
        "nnsk": {
            "onsite": {
                "method": "uniform_noref"
            },
            "hopping": {
                "method": "poly4pow",
                "rs": {
                    "B-B": 4.22,
                    "B-N": 4.04,
                    "N-B": 4.04,
                    "N-N": 3.85
                },
                "w": 0.2
            },
            "soc": {},
            "freeze": false,
            "push": false,
            "std": 0.01,
            "atomic_radius": "cov"
        }
    },
    "common_options": {
        "basis": {
            "B": [
                "s",
                "p"
            ],
            "N": [
                "s",
                "p"
            ]
        },
        "dtype": "float32",
        "device": "cuda",
        "overlap": true
    },
    "model_params": {
        "onsite": {
            "B-s-0": [
                -9.436724662780762
            ],
            "B-p-0": [
                -3.6036229133605957
            ],
            "N-s-0": [
                -18.575620651245117
            ],
            "N-p-0": [
                -7.092767238616943
            ]
        },
        "hopping": {
            "B-B-s-s-0": [
                -4.163856506347656,
                3.1430838108062744,
                3.5406551361083984,
                -13.840292930603027,
                4.28679084777832,
                0.0003413402009755373
            ],
            "B-B-s-p-0": [
                -4.2632155418396,
                1.855499505996704,
                5.719208240509033,
                -12.824378967285156,
                2.3826582431793213,
                0.00027443747967481613
            ],
            "B-B-p-p-0": [
                4.029307842254639,
                -0.4571390151977539,
                -5.698226451873779,
                5.24634313583374,
                1.8383373022079468,
                0.00098962162155658
            ],
            "B-B-p-p-1": [
                -1.7277371883392334,
                1.7380834817886353,
                0.2498142123222351,
                -4.095367431640625,
                1.5244688987731934,
                0.6229994893074036
            ],
            "N-B-s-s-0": [
                -5.198118686676025,
                4.442707061767578,
                4.672472953796387,
                -22.44223403930664,
                8.299448013305664,
                -0.27995532751083374
            ],
            "N-B-s-p-0": [
                -6.1210198402404785,
                4.5004191398620605,
                6.178765296936035,
                -23.72483253479004,
                7.701132774353027,
                -0.17325514554977417
            ],
            "N-B-p-s-0": [
                -4.536301136016846,
                2.089078426361084,
                7.104267597198486,
                -18.932785034179688,
                5.050920486450195,
                -0.08721348643302917
            ],
            "N-B-p-p-0": [
                4.69775390625,
                -0.6529765129089355,
                -6.943027973175049,
                8.185653686523438,
                1.3665649890899658,
                -0.2770684063434601
            ],
            "N-B-p-p-1": [
                -1.963960886001587,
                1.9514763355255127,
                0.5242166519165039,
                -5.668179988861084,
                2.2336957454681396,
                -0.8325421810150146
            ],
            "N-N-s-s-0": [
                -6.06509256362915,
                4.933748245239258,
                7.251394271850586,
                -31.393178939819336,
                11.564867973327637,
                0.6752002239227295
            ],
            "N-N-s-p-0": [
                -6.407330513000488,
                4.119426727294922,
                8.804641723632812,
                -30.208786010742188,
                9.762639999389648,
                0.4003536105155945
            ],
            "N-N-p-p-0": [
                5.50653076171875,
                -1.4403566122055054,
                -8.006013870239258,
                13.777935981750488,
                -0.6363162994384766,
                0.36886876821517944
            ],
            "N-N-p-p-1": [
                -2.2638466358184814,
                2.1415014266967773,
                1.0750678777694702,
                -7.8354573249816895,
                3.0920794010162354,
                -1.063719391822815
            ]
        },
        "overlap": {
            "B-B-s-s-0": [
                0.20907151699066162,
                -0.23900975286960602,
                -0.06029646843671799,
                0.805722713470459,
                -0.34798508882522583,
                -0.07375287264585495
            ],
            "B-B-s-p-0": [
                0.25513431429862976,
                -0.22145505249500275,
                -0.26228660345077515,
                1.159956932067871,
                -0.4085614085197449,
                -0.0003635674365796149
            ],
            "B-B-p-p-0": [
                -0.2968706786632538,
                0.1348806917667389,
                0.5835362076759338,
                -1.4401586055755615,
                0.34514784812927246,
                0.00011754724982893094
            ],
            "B-B-p-p-1": [
                0.0973825603723526,
                -0.14244243502616882,
                0.023147646337747574,
                0.47471076250076294,
                -0.2704032361507416,
                -0.667027473449707
            ],
            "N-B-s-s-0": [
                0.1997109055519104,
                -0.2244972437620163,
                -0.11343343555927277,
                0.9763136506080627,
                -0.4251488149166107,
                -0.2723999619483948
            ],
            "N-B-s-p-0": [
                0.2620687186717987,
                -0.2704774737358093,
                -0.23450201749801636,
                1.4295225143432617,
                -0.593266487121582,
                -0.0280486810952425
            ],
            "N-B-p-s-0": [
                0.2336491048336029,
                -0.18477198481559753,
                -0.32471197843551636,
                1.258323073387146,
                -0.4374508261680603,
                -3.666881821118295e-05
            ],
            "N-B-p-p-0": [
                -0.280412495136261,
                0.11416203528642654,
                0.6316858530044556,
                -1.5773518085479736,
                0.4028981328010559,
                -0.00018129641830455512
            ],
            "N-B-p-p-1": [
                0.09812135994434357,
                -0.14181673526763916,
                0.005639200564473867,
                0.5506149530410767,
                -0.3099479675292969,
                0.6836565732955933
            ],
            "N-N-s-s-0": [
                0.1918010711669922,
                -0.2127472460269928,
                -0.1606387048959732,
                1.155442476272583,
                -0.5151748657226562,
                0.48609858751296997
            ],
            "N-N-s-p-0": [
                0.24681918323040009,
                -0.23861254751682281,
                -0.31103551387786865,
                1.6039279699325562,
                -0.660601019859314,
                -0.07287845760583878
            ],
            "N-N-p-p-0": [
                -0.2732810080051422,
                0.10842154920101166,
                0.699445903301239,
                -1.881728172302246,
                0.5495500564575195,
                0.00020055289496667683
            ],