{
    "version": 2,
    "unit": "eV",
    "model_options": {
        "nnsk": {
            "onsite": {
                "method": "uniform_noref"
            },
            "hopping": {
                "method": "poly4pow",
                "rs": {
                    "Ga-Ga": 5.62,
                    "Ga-As": 5.83,
                    "As-Ga": 5.83,
                    "As-As": 6.03
                },
                "w": 0.2
            },
            "soc": {},
            "freeze": false,
            "push": false,
            "std": 0.01,
            "atomic_radius": "cov"
        }
    },
    "common_options": {
        "basis": {
            "Ga": [
                "s",
                "p",
                "d"
            ],
            "As": [
                "s",
                "p",
                "d"
            ]
        },
        "dtype": "float32",
        "device": "cuda",
        "overlap": true
    },
    "model_params": {
        "onsite": {
            "Ga-s-0": [
                -8.936062812805176
            ],
            "Ga-p-0": [
                -2.569864511489868
            ],
            "Ga-d-0": [
                0.8323944211006165
            ],
            "As-s-0": [
                -14.483444213867188
            ],
            "As-p-0": [
                -5.19268274307251
            ],
            "As-d-0": [
                0.995145320892334
            ]
        },
        "hopping": {
            "Ga-Ga-s-s-0": [
                -2.2971158027648926,
                2.3136796951293945,
                0.48493412137031555,
                -5.633675575256348,
                2.0554141998291016,
                0.5099612474441528
            ],
            "Ga-Ga-s-p-0": [
                -3.0661532878875732,
                2.3563120365142822,
                1.8636579513549805,
                -7.440639495849609,
                2.207838535308838,
                -0.00032230597571469843
            ],
            "Ga-Ga-s-d-0": [
                -2.2115471363067627,
                -1.6391394138336182,
                3.3120877742767334,
                3.762709856033325,
                -3.268972873687744,
                1.5172696113586426
            ],
            "Ga-Ga-p-p-0": [
                3.0355896949768066,
                -0.10237143933773041,
                -4.385976314544678,
                3.7536087036132812,
                0.5331364274024963,
                6.783648859709501e-05
            ],
            "Ga-Ga-p-p-1": [
                -0.9953755140304565,
                1.0053293704986572,
                0.10134650766849518,
                -2.087552309036255,
                0.7628124952316284,
                -0.6160029768943787
            ],
            "Ga-Ga-p-d-0": [
                0.5801598429679871,
                2.731412887573242,
                -1.9877220392227173,
                -7.033225059509277,
                3.7803728580474854,
                0.00017845319234766066
            ],
            "Ga-Ga-p-d-1": [
                -1.2208023071289062,
                0.30724772810935974,
                1.4653401374816895,
                -1.7718454599380493,
                0.0035340916365385056,
                -9.282863175030798e-05
            ],
            "Ga-Ga-d-d-0": [
                2.1676228046417236,
                0.45942023396492004,
                -7.807032585144043,
                -5.62633752822876,
                8.752345085144043,
                -2.0719728469848633
            ],
            "Ga-Ga-d-d-1": [
                -0.40693721175193787,
                2.888679027557373,
                -1.2998276948928833,
                -8.107050895690918,
                4.050820827484131,
                0.3213803768157959
            ],
            "Ga-Ga-d-d-2": [
                -0.27112939953804016,
                -0.22805169224739075,
                1.0748883485794067,
                -1.13901948928833,
                0.04713559150695801,
                -0.0002022202534135431
            ],
            "As-Ga-s-s-0": [
                -2.5127105712890625,
                2.3685684204101562,
                0.7758961319923401,
                -6.006147861480713,
                2.0431036949157715,
                -0.9344786405563354
            ],
            "As-Ga-s-p-0": [
                -3.6170787811279297,
                3.0207865238189697,
                1.7498143911361694,
                -8.642190933227539,
                2.704359292984009,
                -0.3777032494544983
            ],
            "As-Ga-p-s-0": [
                -3.393162488937378,
                2.5165576934814453,
                2.028139114379883,
                -7.897925853729248,
                2.3293344974517822,
                0.24884507060050964
            ],
            "As-Ga-s-d-0": [
                -3.2756078243255615,
                1.2595213651657104,
                3.2545244693756104,
                -5.95253849029541,
                1.0514618158340454,
                0.00010367837239755318
            ],
            "As-Ga-d-s-0": [
                -2.445657968521118,
                -0.3647298812866211,
                3.308300018310547,
                -1.784428358078003,
                -0.5873512029647827,
                -3.377324901521206e-06
            ],
            "As-Ga-p-p-0": [
                3.600233554840088,
                -1.1915843486785889,
                -4.01105260848999,
                7.385798454284668,
                -1.4449023008346558,
                -0.00019485595112200826
            ],
            "As-Ga-p-p-1": [
                -1.1052875518798828,
                0.9762364029884338,
                0.26898425817489624,
                -2.1287882328033447,
                0.6983926892280579,
                1.1164757013320923
            ],
            "As-Ga-p-d-0": [
                1.5866889953613281,
                2.1089227199554443,
                -2.34601092338562,
                -4.2599873542785645,
                2.517380475997925,
                0.8056271076202393
            ],
            "As-Ga-d-p-0": [
                0.7444906234741211,
                2.312417507171631,
                -1.6595784425735474,
                -4.969776630401611,
                2.48118257522583,
                -0.0005135840619914234
            ],
            "As-Ga-p-d-1": [
                -1.5517559051513672,
                1.0974314212799072,
                0.7220681309700012,
                -2.725358724594116,
                0.7405899167060852,
                -0.000361395999789238
            ],
            "As-Ga-d-p-1": [
                -1.3895150423049927,
                0.476654976606369,
                1.2211652994155884,
                -1.8761329650878906,
                0.23015806078910828,
                -0.0003617062175180763
            ],
            "As-Ga-d-d-0": [
                1.6284356117248535,
                0.7179874181747437,
                -5.488574504852295,
                -5.549524307250977,
                5.991546630859375,
                2.0095925331115723
            ],
            "As-Ga-d-d-1": [
                -0.3147904872894287,
                2.250309944152832,
                -0.5732786655426025,
                -6.175057411193848,
                2.657031536102295,
                0.29488518834114075
            ],
            "As-Ga-d-d-2": [
                -0.28320634365081787,
                -0.16505774855613708,
                0.8242815136909485,
                -0.8592112064361572,
                0.0589623898267746,
                5.6609824241604656e-05
            ],
            "As-As-s-s-0": [
                -2.7314670085906982,
                2.415006637573242,
                1.05332350730896,
                -6.2888946533203125,
                2.0006964206695557,
                1.2385344505310059
            ],