{
    "version": 2,
    "unit": "eV",
    "model_options": {
        "nnsk": {
            "onsite": {
                "method": "uniform_noref"
            },
            "hopping": {
                "method": "poly4pow",
                "rs": {
                    "B-B": 4.22,
                    "B-N": 4.04,
                    "N-B": 4.04,
                    "N-N": 3.85
                },
                "w": 0.2
            },
            "soc": {},
            "freeze": false,
            "push": false,
            "std": 0.01,
            "atomic_radius": "cov"
        }
    },
    "common_options": {
        "basis": {
            "B": [
                "s",
                "p",
                "d"
            ],
            "N": [
                "s",
                "p",
                "d"
            ]
        },
        "dtype": "float32",
        "device": "cuda",
        "overlap": true
    },
    "model_params": {
        "onsite": {
            "B-s-0": [
                -9.436724662780762
            ],
            "B-p-0": [
                -3.6036229133605957
            ],
            "B-d-0": [
                0.0
            ],
            "N-s-0": [
                -18.575620651245117
            ],
            "N-p-0": [
                -7.092767238616943
            ],
            "N-d-0": [
                0.0
            ]
        },
        "hopping": {
            "B-B-s-s-0": [
                -4.163856506347656,
                3.1430838108062744,
                3.5406551361083984,
                -13.840292930603027,
                4.28679084777832,
                0.0003413402009755373
            ],
            "B-B-s-p-0": [
                -4.2632155418396,
                1.855499505996704,
                5.719208240509033,
                -12.824378967285156,
                2.3826582431793213,
                0.00027443747967481613
            ],
            "B-B-s-d-0": [
                0.00014130362251307815,
                -0.00012631429126486182,
                0.0001882282958831638,
                -0.0005035149515606463,
                0.00022772896045353264,
                -0.40316706895828247
            ],
            "B-B-p-p-0": [
                4.029307842254639,
                -0.4571390151977539,
                -5.698226451873779,
                5.24634313583374,
                1.8383373022079468,
                0.00098962162155658
            ],
            "B-B-p-p-1": [
                -1.7277371883392334,
                1.7380834817886353,
                0.2498142123222351,
                -4.095367431640625,
                1.5244688987731934,
                0.6229994893074036
            ],
            "B-B-p-d-0": [
                -3.374056541360915e-05,
                0.00013169155863579363,
                -0.00022330175852403045,
                -8.510611951351166e-05,
                -6.722987745888531e-05,
                -0.3973250985145569
            ],
            "B-B-p-d-1": [
                -7.808039663359523e-05,
                3.817861215793528e-05,
                -5.0371396355330944e-05,
                -0.000102539241197519,
                -1.8067279597744346e-05,
                -0.3949469327926636
            ],
            "B-B-d-d-0": [
                -6.081238097976893e-05,
                9.681181109044701e-05,
                -9.043539466802031e-05,
                5.160560249350965e-05,
                -0.0002392987225903198,
                0.3956696689128876
            ],
            "B-B-d-d-1": [
                0.00015222658112179488,
                6.237948400666937e-05,
                0.0002462207048665732,
                -0.0003655400942079723,
                0.0004969655419699848,
                -0.39649420976638794
            ],
            "B-B-d-d-2": [
                -6.792173371650279e-05,
                0.00012900785077363253,
                1.0697433026507497e-05,
                -0.00010661676060408354,
                -9.13233234314248e-05,
                -0.3952234387397766
            ],
            "N-B-s-s-0": [
                -5.198118686676025,
                4.442707061767578,
                4.672472953796387,
                -22.44223403930664,
                8.299448013305664,
                -0.27995532751083374
            ],
            "N-B-s-p-0": [
                -6.1210198402404785,
                4.5004191398620605,
                6.178765296936035,
                -23.72483253479004,
                7.701132774353027,
                -0.17325514554977417
            ],
            "N-B-p-s-0": [
                -4.536301136016846,
                2.089078426361084,
                7.104267597198486,
                -18.932785034179688,
                5.050920486450195,
                -0.08721348643302917
            ],
            "N-B-s-d-0": [
                -7.312803063541651e-05,
                0.00010872803977690637,
                0.00023205213074106723,
                -0.0005027204751968384,
                0.0001486523833591491,
                -0.43798455595970154
            ],
            "N-B-d-s-0": [
                0.00018420522974338382,
                -0.00017437210772186518,
                -0.00016033451538532972,
                0.0007334152469411492,
                -8.776571485213935e-05,
                0.4466051459312439
            ],
            "N-B-p-p-0": [
                4.69775390625,
                -0.6529765129089355,
                -6.943027973175049,
                8.185653686523438,
                1.3665649890899658,
                -0.2770684063434601
            ],
            "N-B-p-p-1": [
                -1.963960886001587,
                1.9514763355255127,
                0.5242166519165039,
                -5.668179988861084,
                2.2336957454681396,
                -0.8325421810150146
            ],
            "N-B-p-d-0": [
                -6.0136051615700126e-05,
                8.034883649088442e-05,
                -0.0002142499142792076,
                0.00013417207810562104,
                3.860515425913036e-05,
                -0.44638267159461975
            ],
            "N-B-d-p-0": [
                -0.00015385006554424763,
                9.536759898765013e-05,
                -0.00010434392606839538,
                2.4020744604058564e-05,
                -0.00022013107081875205,
                0.44291141629219055
            ],
            "N-B-p-d-1": [
                -4.726650513475761e-05,
                8.19785927888006e-05,
                0.00011910804460057989,
                -0.0003437807899899781,
                0.00014456789358519018,
                0.4415556490421295
            ],
            "N-B-d-p-1": [
                9.281534585170448e-05,
                -0.000124435915495269,
                0.00014234631089493632,
                -0.0006778020178899169,
                0.00030078168492764235,
                -0.4489174485206604
            ],
            "N-B-d-d-0": [
                -0.0001388048694934696,
                0.00010272378858644515,
                -0.00019081367645412683,
                3.532186383381486e-07,
                -0.00017708863015286624,
                0.45609885454177856
            ],
            "N-B-d-d-1": [
                -0.0001369681558571756,
                0.0001792228576960042,
                -0.00011874250776600093,
                -0.00022725776943843812,
                -5.964709271211177e-05,
                -0.45647943019866943
            ],
            "N-B-d-d-2": [
                0.00014195215771906078,
                -7.780492160236463e-05,
                8.625858754385263e-05,
                0.0001418764004483819,
                3.1707189918961376e-05,
                -0.45413458347320557
            ],